	Sample ID	timepoint	pH	Outside	Hops	AB_abundance
0	HC1	0	5.29	0	1	0.0
20	HI1-1	1	4.48	0	1	0.0
44	HI1-3	3	3.75	0	1	0.17030208421230275
21	HI2-1	1	4.45	0	1	0.0
45	HI2-3	3	4.11	0	1	0.10175755124895014
22	HI3-1	1	4.37	0	1	0.0
46	HI3-3	3	3.85	0	1	0.1538167428167237
23	HI4-1	1	4.4	0	1	0.0
47	HI4-3	3	3.82	0	1	0.1697841500169186
24	HI5-1	1	4.35	0	1	0.0
48	HI5-3	3	3.8	0	1	0.12370626128140162
25	HI6-1	1	4.26	0	1	0.0
49	HI6-3	3	3.85	0	1	0.12003984948740905
14	HO1-1	1	4.48	1	1	0.0
38	HO1-3	3	3.56	1	1	0.21113642418673437
15	HO2-1	1	4.5	1	1	0.00034100298596204375
39	HO2-3	3	3.53	1	1	0.15093021496620435
16	HO3-1	1	4.4	1	1	0.0
40	HO3-3	3	3.45	1	1	0.17740016771433958
17	HO4-1	1	4.47	1	1	0.0
41	HO4-3	3	3.52	1	1	0.18354837681990505
18	HO5-1	1	4.44	1	1	0.0
42	HO5-3	3	3.51	1	1	0.1955989902726134
19	HO6-1	1	4.45	1	1	0.0
43	HO6-3	3	3.53	1	1	0.16695613762084993
1	UC1	0	5.18	0	0	0.0
1	UC2	0	5.18	0	0	0.0
8	UI1-1	1	4.14	0	0	0.0
32	UI1-3	3	4.01	0	0	0.005376971481405014
9	UI2-1	1	4.11	0	0	0.12441194029850747
33	UI2-3	3	3.37	0	0	0.5148628717912701
34	UI3-3	3	3.56	0	0	0.2833426864526578
11	UI4-1	1	4.2	0	0	0.0
35	UI4-3	3	3.63	0	0	0.26293183050261826
12	UI5-1	1	4.38	0	0	1.0
36	UI5-3	3	3.02	0	0	0.7501289208762136
13	UI6-1	1	4.31	0	0	0.0
37	UI6-3	3	3.86	0	0	0.30602096912959154
2	UO1-1	1	4.22	1	0	0.0
26	UO1-3	3	3.71	1	0	0.3794473136096507
3	UO2-1	1	4.19	1	0	0.0
27	UO2-3	3	3.67	1	0	0.2969544916022022
4	UO3-1	1	4.12	1	0	0.0
28	UO3-3	3	3.98	1	0	0.0
5	UO4-1	1	4.12	1	0	0.0
29	UO4-3	3	4.03	1	0	0.00020704255242058625
6	UO5-1	1	4.12	1	0	0.0002768446103145913
30	UO5-3	3	3.74	1	0	0.2053983094262295
7	UO6-1	1	4.12	1	0	0.0
31	UO6-3	3	3.68	1	0	0.22311899636448776
