	Sample Description	Sample Name	Sample ID	timepoint	Filter replicate	pH	Density	Scent notes	Notes	Hops	Location	treatment	Method	Density Temperature	Alcohol (% v/v)	Alcohol (% w/w)	Specific Gravity	Ea (app. extract) (% w/w)	Er (real extract) (% w/w)	p (original extract) (% w/w)	Concentration Sugar	RDF (real deg. of ferm.)	ADF (% w/w)	Calories (kcal/12oz)
0	Unhopped, Outdoor, Jar 1, wk1, filter 1	UO1 wk 1 #1	UO1-1	1 week	1	4.22	3.5	Smells good! Grainy, yeasty	Filter replicates were each 10 mL of a 20mL sample: pH and density measured from jar pre-mixing	U	O	UO	Alcolyzer Beer: BEER	20.07	3.55	2.77	1.0135	3.45	4.75	10.18	3.45	54.65	66.12	135.6
1	Unhopped, Outdoor, Jar 2, wk1, filter 1	UO2 wk 1 #1	UO2-1	1 week	1	4.19	3.5	Slight acetic Matty aroma		U	O	UO	Alcolyzer Beer: BEER	20.07	3.53	2.75	1.01366	3.49	4.78	10.17	3.49	54.3	65.69	135.57
2	Unhopped, Outdoor, Jar 3, wk1, filter 1	UO3 wk 1 #1	UO3-1	1 week	1	4.12	3.5	Clean neutral aroma, slightly phenolic, grainy		U	O	UO	Alcolyzer Beer: BEER	20.07	3.61	2.82	1.01295	3.31	4.64	10.16	3.31	55.69	67.42	135.05
3	Unhopped, Outdoor, Jar 4, wk1, filter 1	UO4 wk 1 #1	UO4-1	1 week	1	4.12	3.7	soapy, gerianol, grainy		U	O	UO	Alcolyzer Beer: BEER	20.05	3.48	2.71	1.01425	3.64	4.92	10.22	3.64	53.26	64.38	136.54
4	Unhopped, Outdoor, Jar 5, wk1, filter 1	UO5 wk 1 #1	UO5-1	1 week	1	4.12	3.7	water rose (?), phenolic, wet dog, grainy		U	O	UO	Alcolyzer Beer: BEER	20.05	3.42	2.67	1.01436	3.67	4.92	10.15	3.67	52.84	63.88	135.65
5	Unhopped, Outdoor, Jar 6, wk1, filter 1	UO6 wk 1 #1	UO6-1	1 week	1	4.12	3.5	IAA, ethyl butyrate, grainy		U	O	UO	Alcolyzer Beer: BEER	20.07	3.54	2.76	1.01356	3.46	4.76	10.17	3.47	54.51	65.95	135.55
6	Unhopped, Indoor, Jar 1, wk1, filter 1	UI1 wk 1 #1	UI1-1	1 week	1	4.14	4.7	spicy, phenolic, grainy		U	I	UI	Alcolyzer Beer: BEER	20.07	2.83	2.2	1.0182	4.63	5.67	9.98	4.63	44.47	53.6	135.28
7	Unhopped, Indoor, Jar 2, wk1, filter 1	UI2 wk 1 #1	UI2-1	1 week	1	4.11	4.1	IAA, 4VG, butyric		U	I	UI	Alcolyzer Beer: BEER	20.07	3.15	2.45	1.01573	4.01	5.17	9.97	4.01	49.48	59.76	133.93
8	Unhopped, Indoor, Jar 3, wk1, filter 1	UI3 wk 1 #1	UI3-1	1 week	1	4.12	3.6	IAA, 4VG, Grainy, phenolic, wet hose (?)		U	I	UI	Alcolyzer Beer: BEER	20.07	3.39	2.65	1.01382	3.53	4.78	9.96	3.53	53.37	64.57	132.88
9	Unhopped, Indoor, Jar 4, wk1, filter 1	UI4 wk 1 #1	UI4-1	1 week	1	4.2	3.3	4VG, slight isoenyl, phenolic		U	I	UI	Alcolyzer Beer: BEER	20.07	3.57	2.79	1.01265	3.23	4.55	10.01	3.24	55.89	67.69	132.97
10	Unhopped, Indoor, Jar 5, wk1, filter 1	UI5 wk 1 #1	UI5-1	1 week	1	4.38	3.0	Strong 4VG, IAA		U	I	UI	Alcolyzer Beer: BEER	20.07	3.69	2.88	1.01166	2.98	4.34	9.99	2.99	57.85	70.13	132.15
11	Unhopped, Indoor, Jar 6, wk1, filter 1	UI6 wk 1 #1	UI6-1	1 week	1	4.31	2.5	Saison-like phenolics		U	I	UI	Alcolyzer Beer: BEER	20.07	3.9	3.06	1.0096	2.46	3.9	9.89	2.46	61.87	75.14	129.89
12	Hopped, Outdoor, Jar 1, wk1, filter 1	HO1 wk 1 #1	HO1-1	1 week	1	4.48	2.9	phenolic - wet hose, FAA, sharp, catty?		H	O	HO	Alcolyzer Beer: BEER	19.97	4.08	3.19	1.01068	2.74	4.23	10.47	2.74	60.91	73.84	138.15
13	Hopped, Outdoor, Jar 2, wk1, filter 1	HO2 wk 1 #1	HO2-1	1 week	1	4.5	2.9	IAA, 4VG, phenolic-hose		H	O	HO	Alcolyzer Beer: BEER	20	4.05	3.17	1.01024	2.62	4.11	10.31	2.63	61.45	74.55	135.82
14	Hopped, Outdoor, Jar 3, wk1, filter 1	HO3 wk 1 #1	HO3-1	1 week	1	4.4	2.8	IAA, 4VG, Grain, Phenolic		H	O	HO	Alcolyzer Beer: BEER	19.93	4.06	3.17	1.01056	2.71	4.2	10.4	2.71	60.97	73.94	137.23
15	Hopped, Outdoor, Jar 4, wk1, filter 1	HO4 wk 1 #1	HO4-1	1 week	1	4.47	3.0	Ethyl butyrate, IAA, Grain		H	O	HO	Alcolyzer Beer: BEER	19.93	3.98	3.11	1.01116	2.86	4.32	10.41	2.86	59.82	72.5	137.57
16	Hopped, Outdoor, Jar 5, wk1, filter 1	HO5 wk 1 #1	HO5-1	1 week	1	4.44	3.0	Grain, IAA		H	O	HO	Alcolyzer Beer: BEER	19.97	3.98	3.11	1.01123	2.88	4.34	10.42	2.88	59.73	72.39	137.81
17	Hopped, Outdoor, Jar 6, wk1, filter 1	HO6 wk 1 #1	HO6-1	1 week	1	4.45	3.0	Malty sweetness, wet dog, phenolics, grassy		H	O	HO	Alcolyzer Beer: BEER	20.01	3.98	3.11	1.01115	2.86	4.31	10.39	2.86	59.83	72.52	137.36
18	Hopped, Indoor, Jar 1, wk1, filter 1	HI1 wk 1 #1	HI1-1	1 week	1	4.48	3.4	Grainy, 4VG		H	I	HI	Alcolyzer Beer: BEER	19.93	3.6	2.81	1.01297	3.32	4.64	10.15	3.32	55.59	67.29	135.03
19	Hopped, Indoor, Jar 2, wk1, filter 1	HI2 wk 1 #1	HI2-1	1 week	1	4.45	3.4	Grainy, 4VG, IAA, ethyl butyrate		H	I	HI	Alcolyzer Beer: BEER	19.93	3.66	2.86	1.01248	3.2	4.54	10.14	3.2	56.53	68.46	134.59
20	Hopped, Indoor, Jar 3, wk1, filter 1	HI3 wk 1 #1	HI3-1	1 week	1	4.37	3.2	IAA, 4VG, strong merh sweetness (?)		H	I	HI	Alcolyzer Beer: BEER	20	---	---	0.00951	Out of range	---	---	Out of range	---	---	---
21	Hopped, Indoor, Jar 4, wk1, filter 1	HI4 wk 1 #1	HI4-1	1 week	1	4.4	3.2	Ethyl hex, 4VG, Grainy sweet		H	I	HI	Alcolyzer Beer: BEER	19.95	3.68	2.87	1.01214	3.11	4.46	10.09	3.11	57.09	69.16	133.77
22	Hopped, Indoor, Jar 5, wk1, filter 1	HI5 wk 1 #1	HI5-1	1 week	1	4.35	3.1			H	I	HI	Alcolyzer Beer: BEER	19.94	3.77	2.95	1.01149	2.95	4.33	10.11	2.95	58.47	70.87	133.74
23	Hopped, Indoor, Jar 6, wk1, filter 1	HI6 wk 1 #1	HI6-1	1 week	1	4.26	2.5			H	I	HI	Alcolyzer Beer: BEER	19.98	4.03	3.16	1.00919	2.36	3.84	10.03	2.36	62.97	76.5	131.59
24	Unhopped, Outdoor, Jar 1, wk3, filter 1	UO1 wk 3 #1	UO1-3	3 week	1	3.71	2.5	acetate, burnt rubber, ethyl butyrate, hose water		U	O	UO	Alcolyzer Beer: BEER	19.97	4.13	3.23	1.00963	2.47	3.99	10.32	2.48	62.64	76.03	135.59
25	Unhopped, Outdoor, Jar 2, wk3, filter 1	UO2 wk 3 #1	UO2-3	3 week	1	3.67	2.5	rotting veg, H25 (?), burnt rubber, malt		U	O	UO	Alcolyzer Beer: BEER	20.01	4.18	3.27	1.00938	2.41	3.94	10.34	2.41	63.2	76.73	135.75
26	Unhopped, Outdoor, Jar 3, wk3, filter 1	UO3 wk 3 #1	UO3-3	3 week	1	3.98	2.5	ethyl butyrate, ethyl hex, grainy, malty		U	O	UO	Alcolyzer Beer: BEER	19.96	4.1	3.21	1.0097	2.49	3.99	10.28	2.49	62.43	75.78	135.14
27	Unhopped, Outdoor, Jar 4, wk3, filter 1	UO4 wk 3 #1	UO4-3	3 week	1	4.03	2.5	fruits, grainy, ethyl hex		U	O	UO	Alcolyzer Beer: BEER	19.98	4.11	3.22	1.00988	2.53	4.04	10.34	2.54	62.21	75.48	136.01
28	Unhopped, Outdoor, Jar 5, wk3, filter 1	UO5 wk 3 #1	UO5-3	3 week	1	3.74	2.5	rotting veg, burnt rubber, hose water		U	O	UO	Alcolyzer Beer: BEER	19.97	4.12	3.23	1.00982	2.52	4.03	10.35	2.52	62.33	75.64	136.11
29	Unhopped, Outdoor, Jar 6, wk3, filter 1	UO6 wk 3 #1	UO6-3	3 week	1	3.68	2.5	strong H25, rotten garbage, burnt rubber		U	O	UO	Alcolyzer Beer: BEER	20.02	4.1	3.21	1.00967	2.48	3.98	10.27	2.48	62.5	75.86	135
30	Unhopped, Indoor, Jar 1, wk3, filter 1	UI1 wk 3 #1	UI1-3	3 week	1	4.01	2.4	Grain, Malty, Ethyl Hex		U	I	UI	Alcolyzer Beer: BEER	20.07	4.02	3.15	1.00952	2.44	3.91	10.08	2.44	62.43	75.81	132.32
31	Unhopped, Indoor, Jar 2, wk3, filter 1	UI2 wk 3 #1	UI2-3	3 week	1	3.37	2.5	H25, butyric, malt, putrid		U	I	UI	Alcolyzer Beer: BEER	20.07	3.94	3.08	1.00979	2.51	3.95	10	2.51	61.71	74.93	131.39
32	Unhopped, Indoor, Jar 3, wk3, filter 1	UI3 wk 3 #1	UI3-3	3 week	1	3.56	2.4	Sewage, putrid, butyric, malt		U	I	UI	Alcolyzer Beer: BEER	20.07	3.98	3.12	1.00943	2.42	3.88	10	2.42	62.43	75.82	131.18
33	Unhopped, Indoor, Jar 4, wk3, filter 1	UI4 wk 3 #1	UI4-3	3 week	1	3.63	2.4	Malty, H25, rotting vegetables		U	I	UI	Alcolyzer Beer: BEER	20.06	4.01	3.14	1.00945	2.42	3.9	10.05	2.42	62.5	75.91	131.94
34	Unhopped, Indoor, Jar 5, wk3, filter 1	UI5 wk 3 #1	UI5-3	3 week	1	3.02	2.3	H25, burnt rubber, water hose		U	I	UI	Alcolyzer Beer: BEER	20.06	4.05	3.18	1.00872	2.23	3.72	9.95	2.24	63.8	77.55	130.24
35	Unhopped, Indoor, Jar 6, wk3, filter 1	UI6 wk 3 #1	UI6-3	3 week	1	3.86	2.3	burnt rubber, malty		U	I	UI	Alcolyzer Beer: BEER	20.06	4.01	3.15	1.00885	2.27	3.74	9.91	2.27	63.46	77.12	129.8
36	Hopped, Outdoor, Jar 1, wk3, filter 1	HO1 wk 3 #1	HO1-3	3 week	1	3.56	2.2	Malty, slight autolysis		H	O	HO	Alcolyzer Beer: BEER	19.93	4.36	3.42	1.0086	2.21	3.81	10.5	2.21	64.99	78.94	137.49
37	Hopped, Outdoor, Jar 2, wk3, filter 1	HO2 wk 3 #1	HO2-3	3 week	1	3.53	2.2	malty, grainy, slight autolysis		H	O	HO	Alcolyzer Beer: BEER	19.94	4.37	3.43	1.00816	2.1	3.7	10.41	2.1	65.69	79.83	136.1
38	Hopped, Outdoor, Jar 3, wk3, filter 1	HO3 wk 3 #1	HO3-3	3 week	1	3.45	1.9	ethyl, hex, grainy, burnt rubber		H	O	HO	Alcolyzer Beer: BEER	19.93	4.49	3.52	1.0075	1.93	3.58	10.47	1.93	67.07	81.55	136.56
39	Hopped, Outdoor, Jar 4, wk3, filter 1	HO4 wk 3 #1	HO4-3	3 week	1	3.52	2.1	malty, grainy, H25, burnt rubber		H	O	HO	Alcolyzer Beer: BEER	19.97	4.36	3.42	1.00829	2.13	3.73	10.41	2.13	65.46	79.54	136.18
40	Hopped, Outdoor, Jar 5, wk3, filter 1	HO5 wk 3 #1	HO5-3	3 week	1	3.51	2.1	H25, malt, autolysis		H	O	HO	Alcolyzer Beer: BEER	19.98	4.35	3.41	1.00843	2.16	3.76	10.44	2.17	65.24	79.26	136.6
41	Hopped, Outdoor, Jar 6, wk3, filter 1	HO6 wk 3 #1	HO6-3	3 week	1	3.53	2.2	Malty Grain, slight burnt rubber		H	O	HO	Alcolyzer Beer: BEER	19.97	4.35	3.41	1.00834	2.14	3.74	10.4	2.15	65.34	79.39	136.12
42	Hopped, Indoor, Jar 1, wk3, filter 1	HI1 wk 3 #1	HI1-3	3 week	1	3.75	2.2	spicy, phenolic, 4VG, burnt rubber, soapy, autolysis		H	I	HI	Alcolyzer Beer: BEER	20.05	4.18	3.28	1.00848	2.17	3.71	10.14	2.18	64.62	78.54	132.61
43	Hopped, Indoor, Jar 2, wk3, filter 1	HI2 wk 3 #1	HI2-3	3 week	1	4.11	2.3	mild 4VG, Grainy, burnt rubber, autolysis		H	I	HI	Alcolyzer Beer: BEER	20.07	4.14	3.25	1.00871	2.23	3.75	10.11	2.24	64.13	77.92	132.43
44	Hopped, Indoor, Jar 3, wk3, filter 1	HI3 wk 3 #1	HI3-3	3 week	1	3.85	2.1	phenolic, burnt rubber, grainy		H	I	HI	Alcolyzer Beer: BEER	20.07	4.16	3.26	1.00828	2.12	3.65	10.04	2.13	64.86	78.86	131.23
45	Hopped, Indoor, Jar 4, wk3, filter 1	HI4 wk 3 #1	HI4-3	3 week	1	3.82	2.3	phenolic, 4VG, mild autolysis		H	I	HI	Alcolyzer Beer: BEER	20.07	3.89	3.05	1.00903	2.31	3.75	9.72	2.32	62.69	76.19	127.38
46	Hopped, Indoor, Jar 5, wk3, filter 1	HI5 wk 3 #1	HI5-3	3 week	1	3.8	2.2	acetate, acetic		H	I	HI	Alcolyzer Beer: BEER	20.07	3.81	2.98	1.00884	2.27	3.67	9.53	2.27	62.69	76.23	124.74
47	Hopped, Indoor, Jar 6, wk3, filter 1	HI6 wk 3 #1	HI6-3	3 week	1	3.85	2.3	acetate, malic		H	I	HI	Alcolyzer Beer: BEER	20.07	3.82	3	1.00889	2.28	3.69	9.58	2.28	62.68	76.21	125.32
